,Cluster,Analysis,Result,date.1D,alpha,max(R1),FQ1,FQ2,best.source1,best.source2,alpha2,best.source1.ev2,best.source2.ev2,date.2D.1,date.2D.2,maxScore2ev,alpha2.date1,best.source1.date1,best.source2.date1,alpha2.date2,best.source1.date2,best.source2.date2,pval,nump,date.1D.H,date.1D.L,Date.CI,date.2D.2.H,date.2D.2.L,Date2b.CI,date.2D.1.H,date.2D.1.L,Date2a.CI,FinalResult
17,MANJAGO,main,2D,5.6184477977059,0.18,0.779,0.985,1,FULAI,JOLA,0.39,SERERE,SEREHULE,1.21301191554015,51.900363348415,0.5,0.23,FULAI,JOLA,0.21,FULAI,JOLA,0,100,7,3,(1718-1834),121,7,(1590B-1718),5,1,(1790-1892),2D
5,MANDINKAI,main,2D,11.95947265625,0.16,0.806,1,1,FULAI,JOLA,0.44,JOLA,SEREHULE,4.19685375779498,77.1330564863653,0.47,0.19,FULAI,JOLA,0.15,GBR,JOLA,0,100,18,8,(1399-1689),91,52,(718B-416),6,1,(1747-1878),2D
13,MALINKE,main,2D,16.0104842857543,0.14,0.91,1,1,GBR,BAMBARA,0.31,SERERE,BAMBARA,6.53485545570878,55.190772344015,0.5,0.24,FULAI,FULAII,0.11,GBR,BAMBARA,0,100,19,11,(1384-1602),85,36,(544B-865),9,3,(1674-1834),2D
19,FULAII,main,2D,17.6618290174461,0.13,0.939,1,1,GBR,MALINKE,0.39,SERERE,BAMBARA,8.58422281003921,64.0327788191915,0.57,0.23,FULAI,MALINKE,0.1,GBR,MALINKE,0,100,21,15,(1312-1472),75,36,(253B-876),11,3,(1602-1834),2D
21,BAMBARA,main,2D,18.61647114092,0.11,0.901,1,1,GBR,MALINKE,0.3,SERERE,MALINKE,6.20717639254669,60.9871950801486,0.36,0.21,FULAI,MALINKE,0.06,CEU,MALINKE,0,100,26,14,(1181-1501),90,35,(675B-906),10,1,(1631-1892),2D
7,MANDINKAII,main,2D,23.5063487833051,0.14,0.925,1,1,GBR,JOLA,0.3,JOLA,MALINKE,10.3857151101488,68.1358361846531,0.39,0.2,FULAI,JOLA,0.1,GBR,JOLA,0,100,28,20,(1123-1341),109,29,(1244B-1066),15,1,(1486-1892),2D
3,WOLLOF,main,2D,23.8894743959018,0.13,0.938,1,1,GBR,JOLA,0.4,MALINKE,JOLA,10.4864574767162,75.3653651945145,0.63,0.19,FULAI,JOLA,0.09,GBR,JOLA,0,100,27,20,(1138-1341),93,54,(779B-355),13,6,(1544-1733),2D
9,SEREHULE,main,2D,28.3781175395099,0.12,0.943,1,1,GBR,JOLA,0.46,MANJAGO,BAMBARA,7.60076410860395,52.0843834032478,0.36,0.25,FULAI,SERERE,0.11,GBR,JOLA,0,100,34,24,(935-1225),84,34,(514B-921),14,2,(1515-1863),2D
15,SERERE,main,2D,28.7934559975737,0.14,0.885,1,1,GBR,JOLA,0.47,MANJAGO,FULAII,10.5389912080129,92.6169452394298,0.41,0.24,FULAI,JOLA,0.08,GBR,JOLA,0,100,40,19,(761-1356),126,57,(1740B-254),15,4,(1500-1791),2D
1,JOLA,main,1D,73.7616955297075,0.18,0.642,1,1,FULAI,SERERE,0.49,MANDINKAI,MALINKE,1.00004969671047,94.9761549435555,0.08,0.44,MANJAGO,WOLLOF,0.17,FULAI,SERERE,0,100,103,4,(1067B-1791),145,60,(2287B-169),5,1,(1790-1892),1D
11,FULAI,main,2D,23.9736268043389,0.23,0.969,1,1,IBS,SEREHULE,0.44,WOLLOF,WOLLOF,9.45859044433305,58.2208613394196,0.82,0.46,BAMBARA,IBS,0.19,IBS,WOLLOF,0,100,28,23,(1109-1254),59,40,(224-761),10,1,(1631-1878),2D
59,ANUAK,main,1MW,41.6923989260476,0.17,0.575,0.961,0.997,YRI,SUDANESE,0.33,SUDANESE,SUDANESE,1.00021495224924,50.2362359539773,0.04,0.18,GUMUZ,SUDANESE,0.16,YRI,SUDANESE,0,100,NA,NA,(NA-NA),NA,NA,NA,NA,NA,NA,1MW
25,MOSSI,main,1D,53.7744153816333,0.21,0.41,0.997,1,YRI,KASEM,0.2,AKANS,KASEM,1.00028421074807,50.9075941855702,0.05,0.27,KASEM,KASEM,0.15,SEMI.BANTU,KASEM,0,100,70,33,(97B-952),95,32,(840B-979),15,1,(1485-1892),1D
39,KAMBE,main,2D,22.3037634540027,0.07,0.989,0.987,1,GBR,MZIGUA,0.34,LWK,MALAWI,12.8040006585995,39.7721203871455,0.46,0.14,KAUMA,MZIGUA,0.06,GBR,MZIGUA,0,100,23,18,(1254-1399),82,30,(461B-1053),19,5,(1370-1776),2D
49,WABONDEI,main,2D,26.8372792206222,0.11,0.985,0.998,0.999,TYGRAY,MZIGUA,0.5,MALAWI,WASAMBAA,12.3722967316817,42.2154587797771,0.48,0.28,WASAMBAA,MZIGUA,0.1,TYGRAY,MZIGUA,0,100,29,23,(1080-1240),66,34,(19-936),21,3,(1326-1834),2D
33,SEMI.BANTU,main,1D,42.8329226442383,0.2,0.43,0.999,1,MZIGUA,YRI,0.36,YRI,YRI,26.2623079618731,66.4006484551144,0.03,0.19,MZIGUA,YRI,0.42,MALAWI,YRI,0,100,60,27,(192-1126),NA,NA,NA,NA,NA,NA,1D
65,SOMALI,main,2D,56.6207535015498,0.38,0.933,1,1,ANUAK,TYGRAY,0.12,WOLAYTA,WOLAYTA,11.7041051901711,98.4614990565215,0.6,0.18,MKK,WOLAYTA,0.46,TYGRAY,GUMUZ,0,100,65,48,(36-529),117,80,(1458B-413B),19,4,(1370-1791),2D
37,LWK,main,2D,18.6995349368491,0.28,0.993,0.998,0.999,SUDANESE,MZIGUA,0.46,WASAMBAA,MZIGUA,15.3500879799676,63.7306223268605,0.59,0.25,SUDANESE,MZIGUA,0.29,WASAMBAA,MZIGUA,0,100,20,17,(1341-1428),80,45,(400B-616),17,12,(1428-1573),2D
55,SUDANESE,main,1MW,19.9115847415272,0.27,0.789,0.782,0.999,GUMUZ,ANUAK,0.25,ANUAK,ANUAK,8.61562855405839,75.4163797992384,0.21,0.36,ANUAK,ANUAK,0.28,GUMUZ,ANUAK,0,100,24,9,(1225-1660),100,22,(979B-1284),16,1,(1469-1892),1MW
51,MZIGUA,main,1D,29.2586103653108,0.11,0.988,0.999,1,AFAR,WABONDEI,0.32,LWK,MALAWI,24.7624483910182,78.6884282795748,0.19,0.13,WASAMBAA,WABONDEI,0.12,WASAMBAA,WABONDEI,0,100,32,27,(1007-1138),106,32,(1156B-993),28,6,(1109-1733),1D
47,GIRIAMA,main,1D,25.1571756623876,0.1,0.989,0.999,1,OROMO,MZIGUA,0.18,SEMI.BANTU,MALAWI,18.7277301439826,59.2117338207419,0.21,0.21,WASAMBAA,MZIGUA,0.1,OROMO,MZIGUA,0,100,27,23,(1138-1254),159,33,(2679B-964),24,8,(1225-1685),1D
95,JUHOAN,main,1MW,40.6897500009351,0.15,0.866,0.974,0.998,SOMALI,KARRETJIE,0.33,NAMA,KARRETJIE,1.00000472044479,46.1536040803274,0.1,0.26,NAMA,KARRETJIE,0.16,SOMALI,KARRETJIE,0,100,45,32,(616-993),56,38,(311-805),11,1,(1616-1892),1MW
57,GUMUZ,main,1D,12.5226806640625,0.24,0.785,0.987,0.999,ARI,ANUAK,0.42,ANUAK,ANUAK,6.2753990160812,113.54475826404,0.26,0.27,ARI,ANUAK,0.21,WOLAYTA,ANUAK,0,100,19,7,(1384-1718),194,19,(3694B-1358),10,1,(1631-1892),1D
53,MKK,main,2D,20.6931528691975,0.49,0.918,0.992,1,LWK,SOMALI,0.27,WABONDEI,LWK,9.4904950540358,75.4917599562328,0.61,0.06,TYGRAY,LWK,0.35,AFAR,LWK,0,100,24,15,(1225-1486),93,58,(764B-239),12,6,(1573-1747),2D
45,WASAMBAA,main,1D,21.490545773356,0.14,0.988,1,1,TYGRAY,MZIGUA,0.3,LWK,MALAWI,18.8564776606262,88.0163048133144,0.34,0.12,TYGRAY,MZIGUA,0.16,WOLAYTA,MZIGUA,0,100,23,20,(1254-1341),109,27,(1226B-1138),20,3,(1341-1834),1D
85,GUIGHANAKGAL,main,2D,12.5059143066406,0.25,0.904,0.995,1,MALAWI,KARRETJIE,0.15,KHWE,AMAXHOSA,5.60538726114444,35.6796635058928,0.4,0.2,MALAWI,JUHOAN,0.28,KHWE,KARRETJIE,0,100,17,10,(1428-1631),76,25,(286B-1196),13,1,(1544-1892),2D
23,AKANS,main,1MW,18.3410028094577,0.03,0.623,0.791,0.999,MALAWI,KASEM,0.29,KASEM,NAMKAM,3.85066618570292,53.1640060896106,0.14,0.26,MOSSI,NAMKAM,0.04,MALAWI,KASEM,0,100,42,8,(717-1675),128,23,(1791B-1255),10,1,(1645-1892),1MW
35,BANTU,main,1D,66.3639416316224,0.34,0.447,0.995,0.999,MALAWI,YRI,0.31,MALAWI,MALAWI,4.78114868575839,70.4321195704879,0.05,0.43,MZIGUA,MALAWI,0.36,MALAWI,YRI,0,100,88,45,(617B-602),91,49,(718B-503),22,1,(1295-1892),1D
89,NAMA,main,2D,3.93431148785384,0.3,0.992,0.982,1,SWBANTU,KHOMANI,0.21,CEU,JUHOAN,3.08264615470175,59.4558380991211,0.7,0.31,SWBANTU,KHOMANI,0.15,SWBANTU,KHOMANI,0,100,4,3,(1805-1834),61,34,(152-935),3,2,(1834-1863),2D
83,KHWE,main,1D,19.9115847415272,0.41,0.928,0.981,0.998,GUIGHANAKGAL,SEMI.BANTU,0.28,MZIGUA,SEBANTU,15.2237304227241,82.0396610544126,0.21,0.43,GUIGHANAKGAL,SEMI.BANTU,0.45,GUIGHANAKGAL,SEMI.BANTU,0,100,24,17,(1225-1428),152,42,(2490B-703),19,8,(1370-1675),1D
79,AMAXHOSA,main,2D,23.7256923416393,0.31,0.986,1,1,KARRETJIE,MALAWI,0.34,SEBANTU,SEBANTU,21.4378403146035,208.037855133762,0.43,0.3,KARRETJIE,MALAWI,0.32,KARRETJIE,MALAWI,0,100,26,22,(1167-1283),276,29,(6092B-1080),24,1,(1239-1892),2D
77,SEBANTU,main,2D,26.3096333057438,0.29,0.986,1,1,KARRETJIE,MALAWI,0.28,AMAXHOSA,AMAXHOSA,22.5958212493599,168.428211086023,0.55,0.27,KARRETJIE,MALAWI,0.31,KARRETJIE,MALAWI,0,100,30,24,(1051-1225),191,95,(3604B-848B),25,18,(1196-1399),2D
81,SWBANTU,main,2D,9.55625,0.41,0.851,0.998,1,SEMI.BANTU,NAMA,0.19,KAMBE,AMAXHOSA,3.15523241151872,46.979469188226,0.46,0.26,NAMA,AMAXHOSA,0.43,NAMA,MALAWI,0,100,6,2,(1747-1863),77,34,(298B-935),3,1,(1834-1892),2D
93,KHOMANI,main,1D,5.37683585147922,0.13,0.998,0.999,1,CEU,KARRETJIE,0.27,SWBANTU,KARRETJIE,5.21477122340025,77.4274776628191,0.18,0.13,CEU,KARRETJIE,0.19,WOLAYTA,KARRETJIE,0,100,6,4,(1747-1805),79,5,(356B-1762),6,3,(1747-1820),1D
87,KARRETJIE,main,2D,4.55343926149201,0.1,0.998,0.999,1,GBR,GUIGHANAKGAL,0.19,CDX,KHOMANI,4.0694074654456,10.927624652879,0.38,0.1,GBR,GUIGHANAKGAL,0.15,AMAXHOSA,KHOMANI,0,100,6,4,(1747-1805),28,5,(1123-1776),6,1,(1747-1878),2D
63,OROMO,main,2D,54.1581505257349,0.28,0.931,1,1,TSI,ARI,0.2,AMHARA,AFAR,4.16538507592816,77.2423136774747,0.61,0.15,IBS,WOLAYTA,0.28,TSI,ARI,0,100,61,47,(152-558),90,67,(690B-36B),9,1,(1660-1892),2D
61,AFAR,main,1D,47.3438720880321,0.22,0.935,1,1,TSI,SOMALI,0.43,AMHARA,OROMO,24.970161473061,115.58232505072,0.23,0.16,TSI,WOLAYTA,0.29,TSI,ARI,0,100,58,38,(253-820),145,51,(2284B-428),32,1,(993-1892),1D
67,WOLAYTA,main,1D,56.5770694243015,0.22,0.891,1,1,TSI,ARI,0.26,OROMO,SOMALI,21.0123984818228,106.734961568484,0.29,0.14,TSI,SOMALI,0.27,TSI,ARI,0,100,71,45,(138B-602),132,61,(1893B-144),27,3,(1138-1834),1D
73,TYGRAY,main,1D,60.8943279084163,0.32,0.956,1,1,TSI,ARI,0.31,AMHARA,AMHARA,20.0679214957543,86.9330652774737,0.26,0.21,IBS,OROMO,0.32,TSI,ARI,0,100,68,53,(51B-370),134,71,(1968B-138B),38,5,(819-1776),1D
71,AMHARA,main,2D,66.3165850371747,0.35,0.954,1,1,TSI,ARI,0.25,TYGRAY,AFAR,12.0373628279734,88.407656114908,0.39,0.23,TSI,OROMO,0.36,TSI,ARI,0,100,73,60,(196B-167),111,79,(1299B-370B),28,4,(1121-1791),2D
69,ARI,main,1D,87.1416015625,0.15,0.885,0.994,0.999,TSI,GUMUZ,0.24,WOLAYTA,SOMALI,17.9715403584488,104.849933901564,0.08,0.23,WOLAYTA,MKK,0.1,TSI,GUMUZ,0,100,100,76,(965B-283B),118,83,(1501B-485B),28,1,(1108-1892),1D
43,KAUMA,main,1D,24.2111332854978,0.06,0.992,0.982,1,GIH,MZIGUA,0.42,LWK,MALAWI,13.937718732186,43.4019112465317,0.29,0.2,KAMBE,MZIGUA,0.07,GIH,MZIGUA,0,100,26,23,(1167-1254),71,29,(138B-1080),20,1,(1341-1878),1D
41,CHONYI,main,1D,27.1059492952654,0.08,0.989,0.981,1,KHV,WASAMBAA,0.24,LWK,MALAWI,23.248682546101,112.747222218008,0.18,0.2,MALAWI,WASAMBAA,0.08,KHV,MZIGUA,0,100,29,25,(1080-1182),179,33,(3259B-950),26,6,(1167-1733),1D
91,XUN,main,2D,20.0551256668065,0.27,0.957,0.999,1,SEMI.BANTU,JUHOAN,0.08,SOMALI,GUIGHANAKGAL,11.0697147939616,38.049196416472,0.39,0.21,SEMI.BANTU,JUHOAN,0.17,SEMI.BANTU,JUHOAN,0,100,23,18,(1254-1399),101,25,(1008B-1196),21,1,(1312-1892),2D
27,YRI,main,1D,37.331914496206,0.48,0.465,0.999,1,SEMI.BANTU,AKANS,0.29,AKANS,AKANS,26.3402049710773,118.421751170372,0.03,0.49,AKANS,SEMI.BANTU,0.25,MOSSI,SEMI.BANTU,0,100,55,25,(338-1184),166,25,(2896B-1182),31,1,(1036-1892),1D
29,KASEM,main,1D,37.6503811795116,0.1,0.305,0.997,1,SEMI.BANTU,MOSSI,0.37,MOSSI,NAMKAM,1.00054784389194,38.5408014344753,0.03,0.45,MOSSI,MOSSI,0.07,SEMI.BANTU,MOSSI,0,100,51,20,(456-1329),429,17,(10518B-1414),22,1,(1282-1892),1D
31,NAMKAM,main,1D,45.2931659419461,0.11,0.197,0.996,0.999,SEMI.BANTU,MOSSI,0.15,MOSSI,KASEM,1.00001128430245,57.1611255334021,0.02,0.4,AKANS,MOSSI,0.12,SEMI.BANTU,MOSSI,0,100,73,25,(184B-1197),117,25,(1458B-1196),33,1,(973-1892),1D
75,MALAWI,main,1MW,46.3916261330711,0.21,0.895,0.929,0.992,SEMI.BANTU,MZIGUA,0.16,SEBANTU,MZIGUA,24.3512188620358,72.323657602512,0.08,0.41,MZIGUA,MZIGUA,0.14,YRI,MZIGUA,0,100,52,40,(413-761),153,49,(2506B-500),42,1,(703-1892),1MW
